user_id,wallet,amount,recipient,timestamp,reference,status,risk_score
"USR-CUST-88","01711-239481","200","01819-440129","2026-10-03T14:44:51.358Z","bill","COMPLETED","0"
"USR-CUST-88","01711-239481","100","01819-440129","2026-10-03T15:01:19.714Z","","COMPLETED","8"
"USR-CUST-91","01616-456789","100","01710-605442","2026-10-03T15:33:01.672Z","","COMPLETED","0"
"USR-CUST-91","01616-456789","200","01710-605442","2026-10-03T15:33:06.717Z","","COMPLETED","0"
"USR-CUST-91","01616-456789","900","01710-605442","2026-10-03T15:37:38.363Z","","COMPLETED","0"
"USR-CUST-91","01616-456789","900","01710-605442","2026-10-03T15:37:39.942Z","","COMPLETED","20"
"USR-CUST-91","01616-456789","900","01710-605442","2026-10-03T15:37:43.653Z","","COMPLETED","20"
"USR-CUST-91","01616-456789","900","01710-605442","2026-10-03T15:37:45.012Z","","COMPLETED","35"
"USR-ADM-01","+880 1712-401920","50000","Bank Transfer","2026-10-03T19:24:56.007Z","","COMPLETED","0"
